,False Positive Rate,True Positive Rate
0,0.0,0.0
1,0.0,0.1111111111111111
2,0.0,0.4444444444444444
3,0.2727272727272727,0.4444444444444444
4,0.2727272727272727,0.6666666666666666
5,0.7272727272727273,0.6666666666666666
6,0.7272727272727273,0.7777777777777778
7,0.8181818181818182,0.7777777777777778
8,0.8181818181818182,0.8888888888888888
9,1.0,0.8888888888888888
10,1.0,1.0
